MN,ACC_1,ACC_2,F1,AUC
KNN,0.6436870196880545,0.6393104403546191,0.6337982,0.637223
