MN,ACC_1,ACC_2,F1,AUC
KNN,0.6445822331607163,0.6481774490129752,0.6352648,0.6399996
