MN,ACC_1,ACC_2,F1,AUC
KNN,0.6569460496122832,0.6503345474890639,0.6451722999999998,0.6483351999999999
