MN,ACC_1,ACC_2,F1,AUC
KNN,0.654398867483937,0.6492790469854566,0.6430866000000001,0.6467643999999999
