MN,ACC_1,ACC_2,F1,AUC
SynClass,0.5624085153286589,0.6903547039286366,0.5182377200396328,0.5745105820105835
