MN,ACC_1,ACC_2,F1,AUC
SynClass,0.5746429385046681,0.643683304372715,0.5017114463229011,0.5645714285714291
