MN,ACC_1,ACC_2,F1,AUC
SynClass,0.5857350812562567,0.6249929862437363,0.4979830269895388,0.5625306122448985
