MN,ACC_1,ACC_2,F1,AUC
SynClass,0.5830695395543809,0.7780526440591604,0.530682107135642,0.6015555555555541
