MN,ACC_1,ACC_2,F1,AUC
SynClass,0.5679371013376638,0.6627869385798444,0.5019844762621692,0.5669557823129276
