MN,ACC_1,ACC_2,F1,AUC
SynClass,0.5624333997115056,0.6490701017847398,0.49981303930729043,0.5628775510204066
