MN,ACC_1,ACC_2,F1,AUC
SynClass,0.566042201098934,0.6774551749104247,0.5022037588096022,0.5675972789115628
