MN,ACC_1,ACC_2,F1,AUC
SynClass,0.6432079386299847,0.8377125203601852,0.6173142386465214,0.6671869488536069
