MN,ACC_1,ACC_2,F1,AUC
SynClass,0.5818408878259872,0.6327929777947967,0.5020471963180655,0.5639274376417389
