MN,ACC_1,ACC_2,F1,AUC
SynClass,0.5826917130703629,0.7881394831198965,0.5320393967719707,0.602192827748391
