MN,ACC_1,ACC_2,F1,AUC
SynClass,0.5903688497730274,0.6364100921667458,0.49944320280618343,0.5654394557823125
