MN,ACC_1,ACC_2,F1,AUC
SynClass,0.562551203446436,0.6556333170830695,0.4965020897506296,0.5614693877551161
