MN,ACC_1,ACC_2,F1,AUC
KNN,0.5371963070942664,0.5865343915343916,0.5011728999999999,0.54
