MN,ACC_1,ACC_2,F1,AUC
KNN,0.5784722222222222,0.5734767025089605,0.5297135999999999,0.5666671
