MN,ACC_1,ACC_2,F1,AUC
KNN,0.5571180555555555,0.5592013888888888,0.5152137,0.5483338
