MN,ACC_1,ACC_2,F1,AUC
KNN,0.6547619047619048,0.6212121212121212,0.5433313000000001,0.6025
