MN,ACC_1,ACC_2,F1,AUC
KNN,0.5507246376811594,0.5696491228070175,0.5081419,0.5466671000000001
