MN,ACC_1,ACC_2,F1,AUC
KNN,0.5264790764790765,0.5480842911877394,0.48847769999999996,0.53
