MN,ACC_1,ACC_2,F1,AUC
KNN,0.6395348837209303,0.6245421245421247,0.5476647,0.6
