MN,ACC_1,ACC_2,F1,AUC
KNN,0.606140350877193,0.5900343642611683,0.5477848999999999,0.5783337
