MN,ACC_1,ACC_2,F1,AUC
SynClass,0.6156249717190332,0.6725239415757402,0.5503791826714514,0.5988309523809524
