MN,ACC_1,ACC_2,F1,AUC
SynClass,0.6076621981088203,0.6539658337459026,0.5457161812819062,0.5936547619047619
