MN,ACC_1,ACC_2,F1,AUC
SynClass,0.6197906337534571,0.674063940048379,0.5542211905004075,0.6014047619047619
