MN,ACC_1,ACC_2,F1,AUC
SynClass,0.6126804873960771,0.6722041750702081,0.5522699645528152,0.5986388888888888
