MN,ACC_1,ACC_2,F1,AUC
KNN,0.7465607368913025,0.7411044299991404,0.7370001,0.7384781999999999
