MN,ACC_1,ACC_2,F1,AUC
KNN,0.7612166553346894,0.7571610849646756,0.7506263,0.7525
