MN,ACC_1,ACC_2,F1,AUC
KNN,0.7358067366688154,0.715234438360079,0.7186952000000001,0.7203945999999999
