MN,ACC_1,ACC_2,F1,AUC
KNN,0.7398090414257765,0.7243041899463931,0.7258528000000003,0.7272582
