MN,ACC_1,ACC_2,F1,AUC
KNN,0.6367038989800153,0.6392920428355151,0.6291305,0.6326788
