MN,ACC_1,ACC_2,F1,AUC
KNN,0.6273393110315344,0.6381730813644902,0.6247520999999999,0.6283357
