MN,ACC_1,ACC_2,F1,AUC
KNN,0.634811044218939,0.6406272986559365,0.6240032,0.6292859
