MN,ACC_1,ACC_2,F1,AUC
KNN,0.6293195915925738,0.6339753654872263,0.6243293999999999,0.6275710999999999
