MN,ACC_1,ACC_2,F1,AUC
KNN,0.6914137260866673,0.6796827732776475,0.6803792,0.6820829000000002
