MN,ACC_1,ACC_2,F1,AUC
KNN,0.6924081213016804,0.6910318862700544,0.6829311999999997,0.6858337999999999
