MN,ACC_1,ACC_2,F1,AUC
KNN,0.6916643874715815,0.6862065324676501,0.6827143999999999,0.6848152999999998
