MN,ACC_1,ACC_2,F1,AUC
KNN,0.6755507018766713,0.6645208688314831,0.6646916,0.6664443
