MN,ACC_1,ACC_2,F1,AUC
KNN,0.6371204445677962,0.6531801740627122,0.6338059,0.6378125
