MN,ACC_1,ACC_2,F1,AUC
KNN,0.6411381423335284,0.6430286647773019,0.6320924,0.6361249999999999
