MN,ACC_1,ACC_2,F1,AUC
KNN,0.6449353828896909,0.6602760755271018,0.643981,0.6471868000000001
