MN,ACC_1,ACC_2,F1,AUC
KNN,0.6489747504905026,0.6545770630346449,0.6435976,0.6466666999999999
